{
  "import_time": 8.000000093488779e-07,
  "timestamp": "2023-02-08T20:42:31.355359",
  "simcardems_version": "2023.0.0",
  "create_runner_time": 202.808282304,
  "solve_time": 1365.534184134,
  "maxTa": 1.1790120393598063,
  "ampTa": 1.1790120393598063,
  "APD40": 238.8808400316994,
  "APD50": 265.40586149481163,
  "APD90": 332.35150797447733,
  "triangulation": 93.47066794277794,
  "Vpeak": 51.11933978358281,
  "Vmin": -88.02163432003276,
  "dvdt": 18.018904245469912,
  "maxCa": 0.00026149402398319133,
  "ampCa": 0.00019415551970026842,
  "CaTD50": 268.7216457494915,
  "CaTD80": 388.2473078218392,
  "CaTD90": 469.94642694234506,
  "ttp_Ta": 139.0,
  "rt50_Ta": 149.34571991329307,
  "rt95_Ta": 457.37827011513406,
  "maxlmbda": 1.0000000000000002,
  "minlmbda": 0.9026149143757544,
  "ttplmbda": 138.0,
  "lmbdaD50": 272.29055673025965,
  "lmbdaD80": 403.2085932025527,
  "lmbdaD90": 520.9146353751381,
  "rt50_lmbda": 193.12269019523166,
  "rt95_lmbda": -108.46994317663729,
  "max_displacement_norm": 0.16785673939253076,
  "rel_max_displacement_norm": 0.16785673939253076,
  "max_displacement_perc_norm": 0.8392836969626538,
  "rel_max_displacement_perc_norm": 0.8463872874796348,
  "time_to_max_displacement_norm": 0.05,
  "max_displacement_x": 0.0969121336735705,
  "rel_max_displacement_x": 0.0969121336735705,
  "max_displacement_perc_x": 0.48456066836785255,
  "rel_max_displacement_perc_x": 0.4869200916182151,
  "time_to_max_displacement_x": 0.05,
  "max_displacement_y": 0.0969121336735705,
  "rel_max_displacement_y": 0.0969121336735705,
  "max_displacement_perc_y": 0.48456066836785255,
  "rel_max_displacement_perc_y": 0.4869200916182151,
  "time_to_max_displacement_y": 0.05,
  "max_displacement_z": 0.0969121336735705,
  "rel_max_displacement_z": 0.0969121336735705,
  "max_displacement_perc_z": 0.48456066836785255,
  "rel_max_displacement_perc_z": 0.4869200916182151,
  "time_to_max_displacement_z": 0.05
}