{
  "import_time": 8.000000093488779e-07,
  "timestamp": "2023-01-04T11:32:25.848278",
  "simcardems_version": "2022.5.1",
  "create_runner_time": 199.68820940999998,
  "solve_time": 1338.161570116,
  "maxTa": 1.1790120393598074,
  "ampTa": 1.1790120393598074,
  "APD40": 238.8808400316994,
  "APD50": 265.4058614948117,
  "APD90": 332.3515079744754,
  "triangulation": 93.470667942776,
  "Vpeak": 51.11933978358281,
  "Vmin": -88.02163432003276,
  "dvdt": 18.018904245469912,
  "maxCa": 0.0002614940239831918,
  "ampCa": 0.00019415551970026893,
  "CaTD50": 268.72164574949113,
  "CaTD80": 388.2473078218389,
  "CaTD90": 469.94642694234494,
  "ttp_Ta": 139.0,
  "rt50_Ta": 149.34571991329352,
  "rt95_Ta": 457.3782701151344,
  "maxlmbda": 1.0000000000000002,
  "minlmbda": 0.9026149143757545,
  "ttplmbda": 138.0,
  "lmbdaD50": 272.2905567302604,
  "lmbdaD80": 403.2085932025532,
  "lmbdaD90": 520.9146353751386,
  "rt50_lmbda": 193.12269019523245,
  "rt95_lmbda": -108.46994317663746,
  "max_displacement_norm": 0.1678567393925306,
  "rel_max_displacement_norm": 0.1678567393925306,
  "max_displacement_perc_norm": 0.8392836969626529,
  "rel_max_displacement_perc_norm": 0.8463872874796339,
  "time_to_max_displacement_norm": 0.05,
  "max_displacement_x": 0.09691213367357039,
  "rel_max_displacement_x": 0.09691213367357039,
  "max_displacement_perc_x": 0.48456066836785194,
  "rel_max_displacement_perc_x": 0.4869200916182145,
  "time_to_max_displacement_x": 0.05,
  "max_displacement_y": 0.09691213367357039,
  "rel_max_displacement_y": 0.09691213367357039,
  "max_displacement_perc_y": 0.48456066836785194,
  "rel_max_displacement_perc_y": 0.4869200916182145,
  "time_to_max_displacement_y": 0.05,
  "max_displacement_z": 0.09691213367357039,
  "rel_max_displacement_z": 0.09691213367357039,
  "max_displacement_perc_z": 0.48456066836785194,
  "rel_max_displacement_perc_z": 0.4869200916182145,
  "time_to_max_displacement_z": 0.05
}