{
  "import_time": 8.000000093488779e-07,
  "timestamp": "2022-10-24T19:07:42.301080",
  "simcardems_version": "2022.3.2",
  "create_runner_time": 226.522378441,
  "solve_time": 839.408161308,
  "maxTa": 1.1546205651723276,
  "ampTa": 1.1546205651723276,
  "APD40": 238.8479169232194,
  "APD50": 265.3749523948589,
  "APD90": 332.31538434315195,
  "triangulation": 93.46746741993255,
  "Vpeak": 51.11894280362179,
  "Vmin": -88.02089439671171,
  "dvdt": 18.019247665044414,
  "maxCa": 0.0002621734320462223,
  "ampCa": 0.00019483724410989336,
  "CaTD50": 267.85595085762793,
  "CaTD80": 387.2246476677943,
  "CaTD90": 468.76784721160277,
  "ttp_Ta": 138.0,
  "rt50_Ta": 148.86435919110215,
  "rt95_Ta": 461.8005091730818,
  "maxlmbda": 1.0000000000000018,
  "minlmbda": 0.900227077912309,
  "ttplmbda": 138.0,
  "lmbdaD50": 271.38438800959835,
  "lmbdaD80": 402.4486175415829,
  "lmbdaD90": 520.2357173795499,
  "rt50_lmbda": 192.15555011046484,
  "rt95_lmbda": -108.48388046376431,
  "max_displacement_norm": 0.08640592019545741,
  "rel_max_displacement_norm": 0.08640592019545741,
  "max_displacement_perc_norm": 0.43202960097728704,
  "rel_max_displacement_perc_norm": 0.43390419554191045,
  "time_to_max_displacement_norm": 0.05,
  "max_displacement_x": 0.0,
  "rel_max_displacement_x": 0.049886481284424654,
  "max_displacement_perc_x": 0.0,
  "rel_max_displacement_perc_x": 0.24943240642212325,
  "time_to_max_displacement_x": 138.05,
  "max_displacement_y": 0.0,
  "rel_max_displacement_y": 0.049886481284424654,
  "max_displacement_perc_y": 0.0,
  "rel_max_displacement_perc_y": 0.24943240642212325,
  "time_to_max_displacement_y": 138.05,
  "max_displacement_z": 0.0,
  "rel_max_displacement_z": 0.049886481284424654,
  "max_displacement_perc_z": 0.0,
  "rel_max_displacement_perc_z": 0.24943240642212325,
  "time_to_max_displacement_z": 138.05
}