{
  "import_time": 7.000000152856956e-07,
  "timestamp": "2022-12-09T08:14:21.942836",
  "simcardems_version": "2022.5.0",
  "create_runner_time": 188.66418131600003,
  "solve_time": 1456.987664599,
  "maxTa": 1.1789599187671849,
  "ampTa": 1.1789599187671849,
  "APD40": 238.88100024177868,
  "APD50": 265.4059918134597,
  "APD90": 332.3515886566434,
  "triangulation": 93.47058841486472,
  "Vpeak": 51.11934507894013,
  "Vmin": -88.02163427963256,
  "dvdt": 18.018986176295886,
  "maxCa": 0.00026148954203936717,
  "ampCa": 0.00019415102281535786,
  "CaTD50": 268.72393816614806,
  "CaTD80": 388.2526309409151,
  "CaTD90": 469.9800883078161,
  "ttp_Ta": 139.0,
  "rt50_Ta": 149.34911583419887,
  "rt95_Ta": 457.38965700664363,
  "maxlmbda": 1.0000000000000002,
  "minlmbda": 0.9026171787015723,
  "ttplmbda": 138.0,
  "lmbdaD50": 272.2900027574316,
  "lmbdaD80": 403.2076164701102,
  "lmbdaD90": 520.9144849119599,
  "rt50_lmbda": 193.12424928282098,
  "rt95_lmbda": -108.46331793538653,
  "max_displacement_norm": 0.16785281148458028,
  "rel_max_displacement_norm": 0.16785281148458028,
  "max_displacement_perc_norm": 0.8392640574229014,
  "rel_max_displacement_perc_norm": 0.8463673140837822,
  "time_to_max_displacement_norm": 0.05,
  "max_displacement_x": 0.09690986589485794,
  "rel_max_displacement_x": 0.09690986589485794,
  "max_displacement_perc_x": 0.4845493294742897,
  "rel_max_displacement_perc_x": 0.48690864203441986,
  "time_to_max_displacement_x": 0.05,
  "max_displacement_y": 0.09690986589485794,
  "rel_max_displacement_y": 0.09690986589485794,
  "max_displacement_perc_y": 0.4845493294742897,
  "rel_max_displacement_perc_y": 0.48690864203441986,
  "time_to_max_displacement_y": 0.05,
  "max_displacement_z": 0.09690986589485794,
  "rel_max_displacement_z": 0.09690986589485794,
  "max_displacement_perc_z": 0.4845493294742897,
  "rel_max_displacement_perc_z": 0.48690864203441986,
  "time_to_max_displacement_z": 0.05
}