{
  "import_time": 9.999999974752427e-07,
  "timestamp": "2022-10-14T10:34:04.070658",
  "simcardems_version": "2022.3.2",
  "create_runner_time": 192.790644047,
  "solve_time": 718.81069554,
  "maxTa": 1.1546205652718498,
  "ampTa": 1.1546205652718498,
  "APD40": 238.8479169249071,
  "APD50": 265.37495239568193,
  "APD90": 332.31538434263393,
  "triangulation": 93.46746741772682,
  "Vpeak": 51.118942800028165,
  "Vmin": -88.0208943926206,
  "dvdt": 18.01924766761247,
  "maxCa": 0.0002621734320535062,
  "ampCa": 0.0001948372441172956,
  "CaTD50": 267.85595085408636,
  "CaTD80": 387.2246476647681,
  "CaTD90": 468.7678472080366,
  "ttp_Ta": 138.0,
  "rt50_Ta": 148.86435918187783,
  "rt95_Ta": 461.80050914863074,
  "maxlmbda": 1.0000000000000016,
  "minlmbda": 0.9002270779085806,
  "ttplmbda": 138.0,
  "lmbdaD50": 271.38438800971335,
  "lmbdaD80": 402.44861754056797,
  "lmbdaD90": 520.2357173750196,
  "rt50_lmbda": 192.1555501101613,
  "rt95_lmbda": -108.48388046360921,
  "max_displacement_norm": 0.08640592020231393,
  "rel_max_displacement_norm": 0.08640592020231393,
  "max_displacement_perc_norm": 0.4320296010115697,
  "rel_max_displacement_perc_norm": 0.43390419557649124,
  "time_to_max_displacement_norm": 0.05,
  "max_displacement_x": 0.0,
  "rel_max_displacement_x": 0.049886481288383265,
  "max_displacement_perc_x": 0.0,
  "rel_max_displacement_perc_x": 0.2494324064419163,
  "time_to_max_displacement_x": 138.05,
  "max_displacement_y": 0.0,
  "rel_max_displacement_y": 0.049886481288383265,
  "max_displacement_perc_y": 0.0,
  "rel_max_displacement_perc_y": 0.2494324064419163,
  "time_to_max_displacement_y": 138.05,
  "max_displacement_z": 0.0,
  "rel_max_displacement_z": 0.049886481288383265,
  "max_displacement_perc_z": 0.0,
  "rel_max_displacement_perc_z": 0.2494324064419163,
  "time_to_max_displacement_z": 138.05
}