{
    "CaMKt": 0.01297814139427739,
    "m": 0.005420114390828896,
    "hf": 0.8230606496927304,
    "hs": 0.8230606022335397,
    "j": 0.8230591116895851,
    "hsp": 0.6319137721201975,
    "jp": 0.8230568375262106,
    "mL": 0.00018614177585456301,
    "hL": 0.5049274680818845,
    "hLp": 0.27448542827131817,
    "a": 0.0009970773578317509,
    "iF": 0.9995588607266568,
    "iS": 0.5938443454239677,
    "ap": 0.0005080368243088368,
    "iFp": 0.9995588607943122,
    "iSp": 0.6473860280510718,
    "d": 2.307997381212357e-09,
    "ff": 0.9999999910225437,
    "fs": 0.9097933874819745,
    "fcaf": 0.9999999910225443,
    "fcas": 0.9998192273325964,
    "jca": 0.9999776371031041,
    "ffp": 0.9999999910225068,
    "fcafp": 0.9999999910225125,
    "nca": 0.0018093295348264582,
    "xrf": 7.984599294096873e-06,
    "xrs": 0.4468095759161892,
    "xs1": 0.2684659846347647,
    "xs2": 0.00019150631432248634,
    "xk1": 0.9967436577488343,
    "v": -88.06152626805064,
    "Jrelnp": 2.5430823408857556e-07,
    "Jrelp": 3.1775857947974145e-07,
    "nai": 7.4166665853505425,
    "nass": 7.416742529254008,
    "ki": 144.98715037242508,
    "kss": 144.9871206645268,
    "cass": 7.618016705971711e-05,
    "cansr": 1.6120970143976474,
    "cajsr": 1.577909782239047,
    "XS": 0.00011110843131154471,
    "XW": 0.00016615938938871556,
    "CaTrpn": 0.009129790931798422,
    "TmB": 0.9995565406265393,
    "Cd": -0.0022994461891223212,
    "cai": 7.781416140001188e-05
}
