{
    "CaMKt": 0.0006165583305953176,
    "m": 0.005298044662368263,
    "hf": 0.8270464233205012,
    "hs": 0.8270463787248017,
    "j": 0.8270461626399056,
    "hsp": 0.6383135876564283,
    "jp": 0.8270460449305467,
    "mL": 0.00018016709251467925,
    "hL": 0.5207952904676418,
    "hLp": 0.3219077830896752,
    "a": 0.0009855992825113624,
    "iF": 0.9995719253612129,
    "iS": 0.9959922171157624,
    "ap": 0.000502185616683853,
    "iFp": 0.9995719253887573,
    "iSp": 0.9980194670966049,
    "d": 2.2161560176143863e-09,
    "ff": 0.9999999914302049,
    "fs": 0.9986228994915931,
    "fcaf": 0.9999999914302056,
    "fcas": 0.9999999914299474,
    "jca": 0.9999999914300168,
    "ffp": 0.9999999914301748,
    "fcafp": 0.9999999914301765,
    "nca": 0.0009839083943142253,
    "xrf": 7.744737605355306e-06,
    "xrs": 0.0066564390816461535,
    "xs1": 0.02477177433814925,
    "xs2": 0.00018785866416779414,
    "xk1": 0.9966979590153567,
    "v": -88.23328997980794,
    "Jrelnp": 5.3428639460170596e-08,
    "Jrelp": 6.678705585101624e-08,
    "nai": 5.3050038770095975,
    "nass": 5.305044346160789,
    "ki": 147.206920569439,
    "kss": 147.2069138264613,
    "cass": 6.505444351671308e-05,
    "cansr": 1.178097154032657,
    "cajsr": 1.1789335184925678,
    "XS": 7.671652645972262e-05,
    "XW": 0.00011507243936602655,
    "CaTrpn": 0.006719891622246958,
    "TmB": 0.9996931389276753,
    "Cd": 0.0,
    "cai": 6.621252536156638e-05
}
