{
  "import_time": 7.999999951380232e-07,
  "timestamp": "2023-01-20T12:25:13.281525",
  "simcardems_version": "2023.0.0",
  "create_runner_time": 214.33737708100003,
  "solve_time": 1339.26167182,
  "maxTa": 1.179012039360067,
  "ampTa": 1.179012039360067,
  "APD40": 238.8808400317099,
  "APD50": 265.4058614948172,
  "APD90": 332.3515079744621,
  "triangulation": 93.47066794275219,
  "Vpeak": 51.119339783582795,
  "Vmin": -88.02163432003455,
  "dvdt": 18.018904245469702,
  "maxCa": 0.0002614940239832037,
  "ampCa": 0.00019415551970028118,
  "CaTD50": 268.72164574947095,
  "CaTD80": 388.24730782181973,
  "CaTD90": 469.94642694232215,
  "ttp_Ta": 139.0,
  "rt50_Ta": 149.34571991323435,
  "rt95_Ta": 457.3782701150414,
  "maxlmbda": 1.0000000000000002,
  "minlmbda": 0.9026149143757134,
  "ttplmbda": 138.0,
  "lmbdaD50": 272.2905567302289,
  "lmbdaD80": 403.2085932025069,
  "lmbdaD90": 520.9146353750349,
  "rt50_lmbda": 193.12269019518465,
  "rt95_lmbda": -108.46994317664402,
  "max_displacement_norm": 0.16785673939230708,
  "rel_max_displacement_norm": 0.16785673939230708,
  "max_displacement_perc_norm": 0.8392836969615354,
  "rel_max_displacement_perc_norm": 0.8463872874784973,
  "time_to_max_displacement_norm": 0.05,
  "max_displacement_x": 0.09691213367344134,
  "rel_max_displacement_x": 0.09691213367344134,
  "max_displacement_perc_x": 0.48456066836720674,
  "rel_max_displacement_perc_x": 0.48692009161756306,
  "time_to_max_displacement_x": 0.05,
  "max_displacement_y": 0.09691213367344134,
  "rel_max_displacement_y": 0.09691213367344134,
  "max_displacement_perc_y": 0.48456066836720674,
  "rel_max_displacement_perc_y": 0.48692009161756306,
  "time_to_max_displacement_y": 0.05,
  "max_displacement_z": 0.09691213367344134,
  "rel_max_displacement_z": 0.09691213367344134,
  "max_displacement_perc_z": 0.48456066836720674,
  "rel_max_displacement_perc_z": 0.48692009161756306,
  "time_to_max_displacement_z": 0.05
}