{
    "v": -90.06827302727041,
    "nai": 12.4239075952546,
    "nass": 12.424234394110618,
    "ki": 149.16962053805005,
    "kss": 149.1695791514666,
    "cai": 7.324730218336061e-05,
    "cass": 6.371972540469674e-05,
    "cansr": 1.5494554830269938,
    "cajsr": 1.5508811826034694,
    "m": 0.0006081796665798567,
    "hp": 0.7115693809343637,
    "h": 0.8530488083846265,
    "j": 0.8530805589986218,
    "jp": 0.8529946389336466,
    "mL": 0.00012714735845739867,
    "hL": 0.5689406458229006,
    "hLp": 0.32338426072386234,
    "a": 0.0008709152039782328,
    "iF": 0.9996895400977807,
    "iS": 0.6022255375058233,
    "ap": 0.00044372644354729327,
    "iFp": 0.9996895377697388,
    "iSp": 0.6681293394334364,
    "d": -1.2143250248553614e-36,
    "ff": 0.99999999478425,
    "fs": 0.9415753954708326,
    "fcaf": 0.9999999947842383,
    "fcas": 0.9999020233450692,
    "jca": 0.9999791598055974,
    "nca": 0.00045416191723551857,
    "nca_i": 0.0007782705977515236,
    "ffp": 0.9999999947852464,
    "fcafp": 0.9999999947848633,
    "xs1": 0.2372059135969074,
    "xs2": 0.00015295944768563372,
    "Jrelnp": 1.0995655962974812e-25,
    "CaMKt": 0.011359246547824033,
    "kr_c0": 0.9983204856572192,
    "kr_c1": 0.0007757518914667707,
    "kr_c2": 0.0006369471523152194,
    "kr_o": 0.00025829771182205036,
    "kr_i": 8.516498306506558e-06,
    "Jrelp": -7.538168207997834e-24,
    "XS": 0.0001586967415276645,
    "XW": 0.00023888023589184413,
    "CaTrpn": 0.00820431478213914,
    "TmB": 0.9993634295088004
}
