{
  "import_time": 8.999999892012056e-07,
  "timestamp": "2023-03-28T11:17:31.206004",
  "simcardems_version": "2023.2.0",
  "create_runner_time": 167.82252871099996,
  "solve_time": 1540.5720408339998,
  "maxTa": 1.1788906071895051,
  "ampTa": 1.1788906071895051,
  "APD40": 238.88096761159966,
  "APD50": 265.40595347520656,
  "APD90": 332.3515239627322,
  "triangulation": 93.47055635113253,
  "Vpeak": 51.11933974183383,
  "Vmin": -88.02163433008332,
  "dvdt": 18.018904211557157,
  "maxCa": 0.0002614958607743222,
  "ampCa": 0.00019415770430037538,
  "CaTD50": 268.7188808558663,
  "CaTD80": 388.2479019142702,
  "CaTD90": 469.9497938229669,
  "ttp_Ta": 139.0,
  "rt50_Ta": 149.33484727777017,
  "rt95_Ta": 457.39208658085505,
  "maxlmbda": 1.0,
  "minlmbda": 0.9026200778330524,
  "ttplmbda": 138.0,
  "lmbdaD50": 272.29877305280326,
  "lmbdaD80": 403.2187157714776,
  "lmbdaD90": 520.5748812157458,
  "rt50_lmbda": 193.1070888923639,
  "rt95_lmbda": -108.49539275650282,
  "max_displacement_norm": 0.16784510470578848,
  "rel_max_displacement_norm": 0.16784510470578848,
  "max_displacement_perc_norm": 0.8392255235289424,
  "rel_max_displacement_perc_norm": 0.8463281251681575,
  "time_to_max_displacement_norm": 0.05,
  "max_displacement_x": 0.0969054163840479,
  "rel_max_displacement_x": 0.0969054163840479,
  "max_displacement_perc_x": 0.4845270819202395,
  "rel_max_displacement_perc_x": 0.4868861773074201,
  "time_to_max_displacement_x": 0.05,
  "max_displacement_y": 0.0969054163840479,
  "rel_max_displacement_y": 0.0969054163840479,
  "max_displacement_perc_y": 0.4845270819202395,
  "rel_max_displacement_perc_y": 0.4868861773074201,
  "time_to_max_displacement_y": 0.05,
  "max_displacement_z": 0.0969054163840479,
  "rel_max_displacement_z": 0.0969054163840479,
  "max_displacement_perc_z": 0.4845270819202395,
  "rel_max_displacement_perc_z": 0.4868861773074201,
  "time_to_max_displacement_z": 0.05
}