{
  "import_time": 1.099999991538425e-06,
  "timestamp": "2023-01-24T14:18:45.588190",
  "simcardems_version": "2023.0.0",
  "create_runner_time": 257.84462244499997,
  "solve_time": 1623.631112825,
  "maxTa": 1.1790120393616046,
  "ampTa": 1.1790120393616046,
  "APD40": 238.88084003169888,
  "APD50": 265.40586149480873,
  "APD90": 332.35150797446636,
  "triangulation": 93.47066794276748,
  "Vpeak": 51.11933978358283,
  "Vmin": -88.0216343200337,
  "dvdt": 18.01890424546976,
  "maxCa": 0.00026149402398329026,
  "ampCa": 0.0001941555197003671,
  "CaTD50": 268.72164574935636,
  "CaTD80": 388.24730782171736,
  "CaTD90": 469.9464269422128,
  "ttp_Ta": 139.0,
  "rt50_Ta": 149.34571991300442,
  "rt95_Ta": 457.3782701146641,
  "maxlmbda": 1.0,
  "minlmbda": 0.9026149143755062,
  "ttplmbda": 138.0,
  "lmbdaD50": 272.2905567301112,
  "lmbdaD80": 403.20859320234325,
  "lmbdaD90": 520.9146353746902,
  "rt50_lmbda": 193.12269019498933,
  "rt95_lmbda": -108.46994317667104,
  "max_displacement_norm": 0.16785673939129206,
  "rel_max_displacement_norm": 0.16785673939129206,
  "max_displacement_perc_norm": 0.8392836969564603,
  "rel_max_displacement_perc_norm": 0.8463872874733361,
  "time_to_max_displacement_norm": 0.05,
  "max_displacement_x": 0.09691213367285532,
  "rel_max_displacement_x": 0.09691213367285532,
  "max_displacement_perc_x": 0.48456066836427664,
  "rel_max_displacement_perc_x": 0.4869200916146043,
  "time_to_max_displacement_x": 0.05,
  "max_displacement_y": 0.09691213367285532,
  "rel_max_displacement_y": 0.09691213367285532,
  "max_displacement_perc_y": 0.48456066836427664,
  "rel_max_displacement_perc_y": 0.4869200916146043,
  "time_to_max_displacement_y": 0.05,
  "max_displacement_z": 0.09691213367285532,
  "rel_max_displacement_z": 0.09691213367285532,
  "max_displacement_perc_z": 0.48456066836427664,
  "rel_max_displacement_perc_z": 0.4869200916146043,
  "time_to_max_displacement_z": 0.05
}