{
  "import_time": 8.000000093488779e-07,
  "timestamp": "2022-12-13T09:31:34.185033",
  "simcardems_version": "2022.5.1",
  "create_runner_time": 207.86707537399997,
  "solve_time": 1356.757385563,
  "maxTa": 1.1789599187674404,
  "ampTa": 1.1789599187674404,
  "APD40": 238.88100024179062,
  "APD50": 265.4059918134668,
  "APD90": 332.3515886566319,
  "triangulation": 93.4705884148413,
  "Vpeak": 51.11934507893998,
  "Vmin": -88.02163427963463,
  "dvdt": 18.018986176295538,
  "maxCa": 0.00026148954203937904,
  "ampCa": 0.00019415102281537184,
  "CaTD50": 268.7239381661235,
  "CaTD80": 388.2526309408896,
  "CaTD90": 469.98008830778565,
  "ttp_Ta": 139.0,
  "rt50_Ta": 149.3491158341431,
  "rt95_Ta": 457.38965700655746,
  "maxlmbda": 1.0000000000000002,
  "minlmbda": 0.9026171787015316,
  "ttplmbda": 138.0,
  "lmbdaD50": 272.2900027573994,
  "lmbdaD80": 403.20761647007134,
  "lmbdaD90": 520.9144849118736,
  "rt50_lmbda": 193.12424928277267,
  "rt95_lmbda": -108.46331793539177,
  "max_displacement_norm": 0.16785281148435885,
  "rel_max_displacement_norm": 0.16785281148435885,
  "max_displacement_perc_norm": 0.8392640574217942,
  "rel_max_displacement_perc_norm": 0.8463673140826562,
  "time_to_max_displacement_norm": 0.05,
  "max_displacement_x": 0.0969098658947301,
  "rel_max_displacement_x": 0.0969098658947301,
  "max_displacement_perc_x": 0.4845493294736505,
  "rel_max_displacement_perc_x": 0.4869086420337744,
  "time_to_max_displacement_x": 0.05,
  "max_displacement_y": 0.0969098658947301,
  "rel_max_displacement_y": 0.0969098658947301,
  "max_displacement_perc_y": 0.4845493294736505,
  "rel_max_displacement_perc_y": 0.4869086420337744,
  "time_to_max_displacement_y": 0.05,
  "max_displacement_z": 0.0969098658947301,
  "rel_max_displacement_z": 0.0969098658947301,
  "max_displacement_perc_z": 0.4845493294736505,
  "rel_max_displacement_perc_z": 0.4869086420337744,
  "time_to_max_displacement_z": 0.05
}