{
  "import_time": 8.000000093488779e-07,
  "timestamp": "2022-12-27T07:09:23.686080",
  "simcardems_version": "2022.5.1",
  "create_runner_time": 190.31756400199998,
  "solve_time": 1346.1073613,
  "maxTa": 1.178959918767176,
  "ampTa": 1.178959918767176,
  "APD40": 238.8810002417787,
  "APD50": 265.40599181345976,
  "APD90": 332.35158865664283,
  "triangulation": 93.47058841486412,
  "Vpeak": 51.11934507894013,
  "Vmin": -88.02163427963256,
  "dvdt": 18.018986176295886,
  "maxCa": 0.0002614895420393663,
  "ampCa": 0.00019415102281535702,
  "CaTD50": 268.7239381661485,
  "CaTD80": 388.25263094091537,
  "CaTD90": 469.9800883078165,
  "ttp_Ta": 139.0,
  "rt50_Ta": 149.3491158341992,
  "rt95_Ta": 457.3896570066451,
  "maxlmbda": 1.0000000000000002,
  "minlmbda": 0.9026171787015723,
  "ttplmbda": 138.0,
  "lmbdaD50": 272.29000275743095,
  "lmbdaD80": 403.20761647011017,
  "lmbdaD90": 520.9144849119601,
  "rt50_lmbda": 193.12424928282036,
  "rt95_lmbda": -108.46331793538647,
  "max_displacement_norm": 0.16785281148457987,
  "rel_max_displacement_norm": 0.16785281148457987,
  "max_displacement_perc_norm": 0.8392640574228993,
  "rel_max_displacement_perc_norm": 0.8463673140837801,
  "time_to_max_displacement_norm": 0.05,
  "max_displacement_x": 0.09690986589485769,
  "rel_max_displacement_x": 0.09690986589485769,
  "max_displacement_perc_x": 0.48454932947428847,
  "rel_max_displacement_perc_x": 0.48690864203441864,
  "time_to_max_displacement_x": 0.05,
  "max_displacement_y": 0.09690986589485769,
  "rel_max_displacement_y": 0.09690986589485769,
  "max_displacement_perc_y": 0.48454932947428847,
  "rel_max_displacement_perc_y": 0.48690864203441864,
  "time_to_max_displacement_y": 0.05,
  "max_displacement_z": 0.09690986589485769,
  "rel_max_displacement_z": 0.09690986589485769,
  "max_displacement_perc_z": 0.48454932947428847,
  "rel_max_displacement_perc_z": 0.48690864203441864,
  "time_to_max_displacement_z": 0.05
}