{
  "import_time": 9.999999974752427e-07,
  "timestamp": "2022-12-09T08:55:46.300116",
  "simcardems_version": "2022.5.1",
  "create_runner_time": 198.61779431999997,
  "solve_time": 1471.865187508,
  "maxTa": 1.1789599187674111,
  "ampTa": 1.1789599187674111,
  "APD40": 238.8810002417907,
  "APD50": 265.4059918134669,
  "APD90": 332.35158865663266,
  "triangulation": 93.47058841484196,
  "Vpeak": 51.11934507893997,
  "Vmin": -88.02163427963463,
  "dvdt": 18.01898617629553,
  "maxCa": 0.00026148954203937785,
  "ampCa": 0.00019415102281537068,
  "CaTD50": 268.7239381661243,
  "CaTD80": 388.25263094089036,
  "CaTD90": 469.9800883077862,
  "ttp_Ta": 139.0,
  "rt50_Ta": 149.34911583414487,
  "rt95_Ta": 457.3896570065646,
  "maxlmbda": 1.0000000000000004,
  "minlmbda": 0.9026171787015326,
  "ttplmbda": 138.0,
  "lmbdaD50": 272.2900027573989,
  "lmbdaD80": 403.20761647006964,
  "lmbdaD90": 520.914484911876,
  "rt50_lmbda": 193.12424928277238,
  "rt95_lmbda": -108.46331793539159,
  "max_displacement_norm": 0.16785281148435616,
  "rel_max_displacement_norm": 0.16785281148435616,
  "max_displacement_perc_norm": 0.8392640574217808,
  "rel_max_displacement_perc_norm": 0.8463673140826424,
  "time_to_max_displacement_norm": 0.05,
  "max_displacement_x": 0.09690986589472853,
  "rel_max_displacement_x": 0.09690986589472853,
  "max_displacement_perc_x": 0.48454932947364265,
  "rel_max_displacement_perc_x": 0.48690864203376655,
  "time_to_max_displacement_x": 0.05,
  "max_displacement_y": 0.09690986589472853,
  "rel_max_displacement_y": 0.09690986589472853,
  "max_displacement_perc_y": 0.48454932947364265,
  "rel_max_displacement_perc_y": 0.48690864203376655,
  "time_to_max_displacement_y": 0.05,
  "max_displacement_z": 0.09690986589472853,
  "rel_max_displacement_z": 0.09690986589472853,
  "max_displacement_perc_z": 0.48454932947364265,
  "rel_max_displacement_perc_z": 0.48690864203376655,
  "time_to_max_displacement_z": 0.05
}