{
  "import_time": 7.000000152856956e-07,
  "timestamp": "2023-02-24T08:52:52.162190",
  "simcardems_version": "2023.1.4",
  "create_runner_time": 134.225042024,
  "solve_time": 1252.565225467,
  "maxTa": 1.178890607189446,
  "ampTa": 1.178890607189446,
  "APD40": 238.88096761160915,
  "APD50": 265.40595347521185,
  "APD90": 332.3515239627208,
  "triangulation": 93.47055635111167,
  "Vpeak": 51.119339741833684,
  "Vmin": -88.02163433008492,
  "dvdt": 18.018904211556933,
  "maxCa": 0.0002614958607743181,
  "ampCa": 0.00019415770430037115,
  "CaTD50": 268.7188808558707,
  "CaTD80": 388.24790191427377,
  "CaTD90": 469.94979382297083,
  "ttp_Ta": 139.0,
  "rt50_Ta": 149.33484727777176,
  "rt95_Ta": 457.39208658086994,
  "maxlmbda": 1.0000000000000002,
  "minlmbda": 0.9026200778330549,
  "ttplmbda": 138.0,
  "lmbdaD50": 272.2987730528046,
  "lmbdaD80": 403.21871577148346,
  "lmbdaD90": 520.5748812157523,
  "rt50_lmbda": 193.10708889236525,
  "rt95_lmbda": -108.49539275650275,
  "max_displacement_norm": 0.16784510470578315,
  "rel_max_displacement_norm": 0.16784510470578315,
  "max_displacement_perc_norm": 0.8392255235289158,
  "rel_max_displacement_perc_norm": 0.8463281251681305,
  "time_to_max_displacement_norm": 0.05,
  "max_displacement_x": 0.09690541638404482,
  "rel_max_displacement_x": 0.09690541638404482,
  "max_displacement_perc_x": 0.48452708192022415,
  "rel_max_displacement_perc_x": 0.4868861773074046,
  "time_to_max_displacement_x": 0.05,
  "max_displacement_y": 0.09690541638404482,
  "rel_max_displacement_y": 0.09690541638404482,
  "max_displacement_perc_y": 0.48452708192022415,
  "rel_max_displacement_perc_y": 0.4868861773074046,
  "time_to_max_displacement_y": 0.05,
  "max_displacement_z": 0.09690541638404482,
  "rel_max_displacement_z": 0.09690541638404482,
  "max_displacement_perc_z": 0.48452708192022415,
  "rel_max_displacement_perc_z": 0.4868861773074046,
  "time_to_max_displacement_z": 0.05
}