{
  "import_time": 9.999999974752427e-07,
  "timestamp": "2023-02-27T13:55:07.110736",
  "simcardems_version": "2023.0.0",
  "create_runner_time": 199.68133636999997,
  "solve_time": 687.168340787,
  "maxTa": 1.1784271301834097,
  "ampTa": 1.1784271301834097,
  "APD40": 238.88086600244145,
  "APD50": 265.4059510808841,
  "APD90": 332.3518044828205,
  "triangulation": 93.47093848037906,
  "Vpeak": 51.1193397835828,
  "Vmin": -88.02163438911617,
  "dvdt": 18.0189042454699,
  "maxCa": 0.00026145301726814674,
  "ampCa": 0.00019411451465504336,
  "CaTD50": 268.76380884430034,
  "CaTD80": 388.266863448276,
  "CaTD90": 469.97011559259556,
  "ttp_Ta": 139.0,
  "rt50_Ta": 149.47968219328106,
  "rt95_Ta": 457.6165691016699,
  "maxlmbda": 1.0000000000000002,
  "minlmbda": 0.9026424955531159,
  "ttplmbda": 138.0,
  "lmbdaD50": 272.43764574107564,
  "lmbdaD80": 403.28229199959884,
  "lmbdaD90": 521.0576594329294,
  "rt50_lmbda": 193.261499499386,
  "rt95_lmbda": -108.47197471931945,
  "max_displacement_norm": 0.1678119830102492,
  "rel_max_displacement_norm": 0.1678119830102492,
  "max_displacement_perc_norm": 0.8390599150512459,
  "rel_max_displacement_perc_norm": 0.8461597019274362,
  "time_to_max_displacement_norm": 0.05,
  "max_displacement_x": 0.09688629356421227,
  "rel_max_displacement_x": 0.09688629356421227,
  "max_displacement_perc_x": 0.4844314678210614,
  "rel_max_displacement_perc_x": 0.4867896299707292,
  "time_to_max_displacement_x": 0.05,
  "max_displacement_y": 0.09688629356421227,
  "rel_max_displacement_y": 0.09688629356421227,
  "max_displacement_perc_y": 0.4844314678210614,
  "rel_max_displacement_perc_y": 0.4867896299707292,
  "time_to_max_displacement_y": 0.05,
  "max_displacement_z": 0.09688629356421227,
  "rel_max_displacement_z": 0.09688629356421227,
  "max_displacement_perc_z": 0.4844314678210614,
  "rel_max_displacement_perc_z": 0.4867896299707292,
  "time_to_max_displacement_z": 0.05
}