{
  "import_time": 9.999999974752427e-07,
  "timestamp": "2023-02-24T15:49:48.837909",
  "simcardems_version": "2023.0.0",
  "create_runner_time": 209.861410699,
  "solve_time": 697.644994446,
  "maxTa": 1.1784271301836848,
  "ampTa": 1.1784271301836848,
  "APD40": 238.88086600245077,
  "APD50": 265.40595108088837,
  "APD90": 332.3518044828072,
  "triangulation": 93.47093848035644,
  "Vpeak": 51.119339783582795,
  "Vmin": -88.02163438911786,
  "dvdt": 18.018904245469706,
  "maxCa": 0.0002614530172681591,
  "ampCa": 0.0001941145146550547,
  "CaTD50": 268.7638088442833,
  "CaTD80": 388.26686344826135,
  "CaTD90": 469.9701155925798,
  "ttp_Ta": 139.0,
  "rt50_Ta": 149.47968219323394,
  "rt95_Ta": 457.61656910160997,
  "maxlmbda": 1.0000000000000002,
  "minlmbda": 0.9026424955530749,
  "ttplmbda": 138.0,
  "lmbdaD50": 272.43764574105626,
  "lmbdaD80": 403.28229199956826,
  "lmbdaD90": 521.0576594328845,
  "rt50_lmbda": 193.26149949935,
  "rt95_lmbda": -108.47197471932591,
  "max_displacement_norm": 0.1678119830100289,
  "rel_max_displacement_norm": 0.1678119830100289,
  "max_displacement_perc_norm": 0.8390599150501444,
  "rel_max_displacement_perc_norm": 0.846159701926316,
  "time_to_max_displacement_norm": 0.05,
  "max_displacement_x": 0.09688629356408508,
  "rel_max_displacement_x": 0.09688629356408508,
  "max_displacement_perc_x": 0.48443146782042545,
  "rel_max_displacement_perc_x": 0.4867896299700872,
  "time_to_max_displacement_x": 0.05,
  "max_displacement_y": 0.09688629356408508,
  "rel_max_displacement_y": 0.09688629356408508,
  "max_displacement_perc_y": 0.48443146782042545,
  "rel_max_displacement_perc_y": 0.4867896299700872,
  "time_to_max_displacement_y": 0.05,
  "max_displacement_z": 0.09688629356408508,
  "rel_max_displacement_z": 0.09688629356408508,
  "max_displacement_perc_z": 0.48443146782042545,
  "rel_max_displacement_perc_z": 0.4867896299700872,
  "time_to_max_displacement_z": 0.05
}