{
  "import_time": 9.000000318337698e-07,
  "timestamp": "2022-11-15T11:45:54.503647",
  "simcardems_version": "2022.4.2",
  "create_runner_time": 264.722949725,
  "solve_time": 1896.1466174849998,
  "maxTa": 1.1546050410002802,
  "ampTa": 1.1546050410002802,
  "APD40": 238.84792029731204,
  "APD50": 265.3749194722875,
  "APD90": 332.31530837182584,
  "triangulation": 93.46738807451379,
  "Vpeak": 51.119345078940135,
  "Vmin": -88.02163975587723,
  "dvdt": 18.018986176295684,
  "maxCa": 0.00026217229633135986,
  "ampCa": 0.00019483597306149323,
  "CaTD50": 267.85576840039636,
  "CaTD80": 387.2254327230372,
  "CaTD90": 468.7682929966557,
  "ttp_Ta": 138.0,
  "rt50_Ta": 148.86464170493292,
  "rt95_Ta": 461.7806535006975,
  "maxlmbda": 1.0000000000000002,
  "minlmbda": 0.9002277789746068,
  "ttplmbda": 137.0,
  "lmbdaD50": 271.38529366098123,
  "lmbdaD80": 402.4987421689761,
  "lmbdaD90": 520.3400251103352,
  "rt50_lmbda": 193.1562328515227,
  "rt95_lmbda": -107.48419049431972,
  "max_displacement_norm": 0.18055489596801996,
  "rel_max_displacement_norm": 0.18055489596801996,
  "max_displacement_perc_norm": 0.9027744798400998,
  "rel_max_displacement_perc_norm": 0.9109987440127104,
  "time_to_max_displacement_norm": 0.05,
  "max_displacement_x": 0.1042434177906412,
  "rel_max_displacement_x": 0.1042434177906412,
  "max_displacement_perc_x": 0.521217088953206,
  "rel_max_displacement_perc_x": 0.523947995442681,
  "time_to_max_displacement_x": 0.05,
  "max_displacement_y": 0.1042434177906412,
  "rel_max_displacement_y": 0.1042434177906412,
  "max_displacement_perc_y": 0.521217088953206,
  "rel_max_displacement_perc_y": 0.523947995442681,
  "time_to_max_displacement_y": 0.05,
  "max_displacement_z": 0.1042434177906412,
  "rel_max_displacement_z": 0.1042434177906412,
  "max_displacement_perc_z": 0.521217088953206,
  "rel_max_displacement_perc_z": 0.523947995442681,
  "time_to_max_displacement_z": 0.05
}