{
  "import_time": 1.000999986899842e-06,
  "timestamp": "2022-10-06T16:25:06.830650",
  "simcardems_version": "2022.3.0",
  "create_runner_time": 237.72060754399996,
  "solve_time": 854.584107336,
  "maxTa": 1.1546205652084225,
  "ampTa": 1.1546205652084225,
  "APD40": 238.84791692384508,
  "APD50": 265.3749523951641,
  "APD90": 332.31538434295345,
  "triangulation": 93.46746741910837,
  "Vpeak": 51.11894280230365,
  "Vmin": -88.0208943952122,
  "dvdt": 18.019247665986217,
  "maxCa": 0.00026217343204886103,
  "ampCa": 0.00019483724411256047,
  "CaTD50": 267.8559508563927,
  "CaTD80": 387.224647666766,
  "CaTD90": 468.7678472104044,
  "ttp_Ta": 138.0,
  "rt50_Ta": 148.86435918780955,
  "rt95_Ta": 461.80050916441866,
  "maxlmbda": 1.0000000000000022,
  "minlmbda": 0.900227077910955,
  "ttplmbda": 138.0,
  "lmbdaD50": 271.3843880096666,
  "lmbdaD80": 402.4486175412526,
  "lmbdaD90": 520.2357173779734,
  "rt50_lmbda": 192.15555011038202,
  "rt95_lmbda": -108.48388046370579,
  "max_displacement_norm": 0.08640592019796726,
  "rel_max_displacement_norm": 0.08640592019796726,
  "max_displacement_perc_norm": 0.4320296009898363,
  "rel_max_displacement_perc_norm": 0.4339041955545689,
  "time_to_max_displacement_norm": 0.05,
  "max_displacement_x": 0.0,
  "rel_max_displacement_x": 0.049886481285873724,
  "max_displacement_perc_x": 0.0,
  "rel_max_displacement_perc_x": 0.24943240642936862,
  "time_to_max_displacement_x": 138.05,
  "max_displacement_y": 0.0,
  "rel_max_displacement_y": 0.049886481285873724,
  "max_displacement_perc_y": 0.0,
  "rel_max_displacement_perc_y": 0.24943240642936862,
  "time_to_max_displacement_y": 138.05,
  "max_displacement_z": 0.0,
  "rel_max_displacement_z": 0.049886481285873724,
  "max_displacement_perc_z": 0.0,
  "rel_max_displacement_perc_z": 0.24943240642936862,
  "time_to_max_displacement_z": 138.05
}