{
    "CaMKt": 0.0003358822222143311,
    "m": 0.005188429332297148,
    "hf": 0.8306413770289099,
    "hs": 0.8306413361809499,
    "j": 0.8306411348420699,
    "hsp": 0.6441435544283917,
    "jp": 0.8306410232297713,
    "mL": 0.00017485299613463192,
    "hL": 0.5260462794101104,
    "hLp": 0.32657189730410724,
    "a": 0.0009751820381179348,
    "iF": 0.9995835741090323,
    "iS": 0.9995746430164941,
    "ap": 0.0004968752486217798,
    "iFp": 0.9995835741343337,
    "iSp": 0.9995819872781161,
    "d": 2.1350925408744578e-09,
    "ff": 0.9999999917880058,
    "fs": 0.9999900545332157,
    "fcaf": 0.9999999917880065,
    "fcas": 0.9999999917877483,
    "jca": 0.9999999917878177,
    "ffp": 0.9999999917879757,
    "fcafp": 0.9999999917879774,
    "nca": 0.0007545225753528276,
    "xrf": 7.566991523544293e-06,
    "xrs": 3.867093720324715e-05,
    "xs1": 0.0023932052536279748,
    "xs2": 0.00018457310357001018,
    "xk1": 0.9966554610689806,
    "v": -88.39091744920363,
    "Jrelnp": 2.9717751682623685e-08,
    "Jrelp": 3.7147626946666617e-08,
    "nai": 4.805274614757137,
    "nass": 4.805307371485986,
    "ki": 148.2390360335385,
    "kss": 148.23903252691446,
    "cass": 6.074690728543856e-05,
    "cansr": 1.0917410355790005,
    "cajsr": 1.0922117042963222,
    "XS": 6.494060563057507e-05,
    "XW": 9.739553699416837e-05,
    "CaTrpn": 0.005847600449526162,
    "TmB": 0.9997402698479927,
    "Cd": 0.0,
    "cai": 6.173807566286295e-05
}
