{
  "import_time": 8.999999749903509e-07,
  "timestamp": "2023-01-02T10:02:12.673958",
  "simcardems_version": "2022.5.1",
  "create_runner_time": 340.46281048099996,
  "solve_time": 1839.0594971220003,
  "maxTa": 1.1790120393616192,
  "ampTa": 1.1790120393616192,
  "APD40": 238.88084003169894,
  "APD50": 265.4058614948088,
  "APD90": 332.3515079744669,
  "triangulation": 93.47066794276799,
  "Vpeak": 51.11933978358283,
  "Vmin": -88.02163432003373,
  "dvdt": 18.01890424546976,
  "maxCa": 0.0002614940239832906,
  "ampCa": 0.00019415551970036743,
  "CaTD50": 268.721645749356,
  "CaTD80": 388.2473078217171,
  "CaTD90": 469.94642694221244,
  "ttp_Ta": 139.0,
  "rt50_Ta": 149.34571991300322,
  "rt95_Ta": 457.3782701146608,
  "maxlmbda": 1.0,
  "minlmbda": 0.9026149143755058,
  "ttplmbda": 138.0,
  "lmbdaD50": 272.2905567301106,
  "lmbdaD80": 403.20859320234274,
  "lmbdaD90": 520.9146353746875,
  "rt50_lmbda": 193.12269019498854,
  "rt95_lmbda": -108.46994317667082,
  "max_displacement_norm": 0.16785673939129325,
  "rel_max_displacement_norm": 0.16785673939129325,
  "max_displacement_perc_norm": 0.8392836969564662,
  "rel_max_displacement_perc_norm": 0.846387287473342,
  "time_to_max_displacement_norm": 0.05,
  "max_displacement_x": 0.09691213367285602,
  "rel_max_displacement_x": 0.09691213367285602,
  "max_displacement_perc_x": 0.48456066836428013,
  "rel_max_displacement_perc_x": 0.4869200916146078,
  "time_to_max_displacement_x": 0.05,
  "max_displacement_y": 0.09691213367285602,
  "rel_max_displacement_y": 0.09691213367285602,
  "max_displacement_perc_y": 0.48456066836428013,
  "rel_max_displacement_perc_y": 0.4869200916146078,
  "time_to_max_displacement_y": 0.05,
  "max_displacement_z": 0.09691213367285602,
  "rel_max_displacement_z": 0.09691213367285602,
  "max_displacement_perc_z": 0.48456066836428013,
  "rel_max_displacement_perc_z": 0.4869200916146078,
  "time_to_max_displacement_z": 0.05
}