{
  "import_time": 9.000000318337698e-07,
  "timestamp": "2022-11-15T07:44:39.253291",
  "simcardems_version": "2022.4.1",
  "create_runner_time": 194.218461643,
  "solve_time": 1480.287794721,
  "maxTa": 1.1546050409963398,
  "ampTa": 1.1546050409963398,
  "APD40": 238.84792029730866,
  "APD50": 265.37491947228636,
  "APD90": 332.31530837183465,
  "triangulation": 93.46738807452599,
  "Vpeak": 51.11934507894013,
  "Vmin": -88.0216397558762,
  "dvdt": 18.018986176295886,
  "maxCa": 0.00026217229633129617,
  "ampCa": 0.0001948359730614293,
  "CaTD50": 267.855768400481,
  "CaTD80": 387.2254327231162,
  "CaTD90": 468.76829299674273,
  "ttp_Ta": 138.0,
  "rt50_Ta": 148.8646417052385,
  "rt95_Ta": 461.7806535016271,
  "maxlmbda": 1.0000000000000002,
  "minlmbda": 0.9002277789747893,
  "ttplmbda": 137.0,
  "lmbdaD50": 271.3852936610601,
  "lmbdaD80": 402.4987421691373,
  "lmbdaD90": 520.340025110662,
  "rt50_lmbda": 193.1562328516752,
  "rt95_lmbda": -107.48419049429192,
  "max_displacement_norm": 0.1805548959658129,
  "rel_max_displacement_norm": 0.1805548959658129,
  "max_displacement_perc_norm": 0.9027744798290644,
  "rel_max_displacement_perc_norm": 0.9109987440014731,
  "time_to_max_displacement_norm": 0.05,
  "max_displacement_x": 0.10424341778936695,
  "rel_max_displacement_x": 0.10424341778936695,
  "max_displacement_perc_x": 0.5212170889468347,
  "rel_max_displacement_perc_x": 0.5239479954362428,
  "time_to_max_displacement_x": 0.05,
  "max_displacement_y": 0.10424341778936695,
  "rel_max_displacement_y": 0.10424341778936695,
  "max_displacement_perc_y": 0.5212170889468347,
  "rel_max_displacement_perc_y": 0.5239479954362428,
  "time_to_max_displacement_y": 0.05,
  "max_displacement_z": 0.10424341778936695,
  "rel_max_displacement_z": 0.10424341778936695,
  "max_displacement_perc_z": 0.5212170889468347,
  "rel_max_displacement_perc_z": 0.5239479954362428,
  "time_to_max_displacement_z": 0.05
}