{
  "import_time": 1.099999991538425e-06,
  "timestamp": "2022-11-14T15:42:45.566156",
  "simcardems_version": "2022.3.2",
  "create_runner_time": 210.27704894299998,
  "solve_time": 1540.472378979,
  "maxTa": 1.1546050409969921,
  "ampTa": 1.1546050409969921,
  "APD40": 238.8479202973206,
  "APD50": 265.37491947229347,
  "APD90": 332.31530837182186,
  "triangulation": 93.46738807450126,
  "Vpeak": 51.11934507893997,
  "Vmin": -88.02163975587803,
  "dvdt": 18.01898617629553,
  "maxCa": 0.00026217229633130175,
  "ampCa": 0.00019483597306143614,
  "CaTD50": 267.8557684004673,
  "CaTD80": 387.2254327231007,
  "CaTD90": 468.76829299672465,
  "ttp_Ta": 138.0,
  "rt50_Ta": 148.86464170518593,
  "rt95_Ta": 461.7806535014801,
  "maxlmbda": 1.0000000000000004,
  "minlmbda": 0.9002277789747594,
  "ttplmbda": 137.0,
  "lmbdaD50": 271.38529366104683,
  "lmbdaD80": 402.49874216911434,
  "lmbdaD90": 520.3400251105987,
  "rt50_lmbda": 193.1562328516489,
  "rt95_lmbda": -107.48419049429617,
  "max_displacement_norm": 0.1805548959661952,
  "rel_max_displacement_norm": 0.1805548959661952,
  "max_displacement_perc_norm": 0.902774479830976,
  "rel_max_displacement_perc_norm": 0.9109987440034196,
  "time_to_max_displacement_norm": 0.05,
  "max_displacement_x": 0.10424341778958768,
  "rel_max_displacement_x": 0.10424341778958768,
  "max_displacement_perc_x": 0.5212170889479384,
  "rel_max_displacement_perc_x": 0.523947995437358,
  "time_to_max_displacement_x": 0.05,
  "max_displacement_y": 0.10424341778958768,
  "rel_max_displacement_y": 0.10424341778958768,
  "max_displacement_perc_y": 0.5212170889479384,
  "rel_max_displacement_perc_y": 0.523947995437358,
  "time_to_max_displacement_y": 0.05,
  "max_displacement_z": 0.10424341778958768,
  "rel_max_displacement_z": 0.10424341778958768,
  "max_displacement_perc_z": 0.5212170889479384,
  "rel_max_displacement_perc_z": 0.523947995437358,
  "time_to_max_displacement_z": 0.05
}