{
  "import_time": 1.1999999856016075e-06,
  "timestamp": "2023-01-20T12:24:57.021749",
  "simcardems_version": "2023.0.0",
  "create_runner_time": 211.02667092300004,
  "solve_time": 1311.853068533,
  "maxTa": 1.1790120393600745,
  "ampTa": 1.1790120393600745,
  "APD40": 238.88084003170982,
  "APD50": 265.4058614948172,
  "APD90": 332.3515079744618,
  "triangulation": 93.47066794275199,
  "Vpeak": 51.119339783582795,
  "Vmin": -88.02163432003452,
  "dvdt": 18.018904245469702,
  "maxCa": 0.0002614940239832039,
  "ampCa": 0.0001941555197002814,
  "CaTD50": 268.7216457494708,
  "CaTD80": 388.24730782181956,
  "CaTD90": 469.94642694232203,
  "ttp_Ta": 139.0,
  "rt50_Ta": 149.345719913234,
  "rt95_Ta": 457.37827011504015,
  "maxlmbda": 1.0000000000000002,
  "minlmbda": 0.9026149143757128,
  "ttplmbda": 138.0,
  "lmbdaD50": 272.2905567302284,
  "lmbdaD80": 403.2085932025071,
  "lmbdaD90": 520.9146353750341,
  "rt50_lmbda": 193.12269019518408,
  "rt95_lmbda": -108.46994317664388,
  "max_displacement_norm": 0.1678567393923078,
  "rel_max_displacement_norm": 0.1678567393923078,
  "max_displacement_perc_norm": 0.8392836969615389,
  "rel_max_displacement_perc_norm": 0.846387287478501,
  "time_to_max_displacement_norm": 0.05,
  "max_displacement_x": 0.09691213367344177,
  "rel_max_displacement_x": 0.09691213367344177,
  "max_displacement_perc_x": 0.4845606683672089,
  "rel_max_displacement_perc_x": 0.48692009161756516,
  "time_to_max_displacement_x": 0.05,
  "max_displacement_y": 0.09691213367344177,
  "rel_max_displacement_y": 0.09691213367344177,
  "max_displacement_perc_y": 0.4845606683672089,
  "rel_max_displacement_perc_y": 0.48692009161756516,
  "time_to_max_displacement_y": 0.05,
  "max_displacement_z": 0.09691213367344177,
  "rel_max_displacement_z": 0.09691213367344177,
  "max_displacement_perc_z": 0.4845606683672089,
  "rel_max_displacement_perc_z": 0.48692009161756516,
  "time_to_max_displacement_z": 0.05
}