{
  "import_time": 8.000000093488779e-07,
  "timestamp": "2023-02-25T14:34:12.295504",
  "simcardems_version": "2023.1.4",
  "create_runner_time": 137.61726903499996,
  "solve_time": 1247.7425272960002,
  "maxTa": 1.1788906071894687,
  "ampTa": 1.1788906071894687,
  "APD40": 238.880967611606,
  "APD50": 265.40595347521,
  "APD90": 332.35152396272616,
  "triangulation": 93.47055635112017,
  "Vpeak": 51.119339741833805,
  "Vmin": -88.0216343300843,
  "dvdt": 18.018904211557036,
  "maxCa": 0.0002614958607743183,
  "ampCa": 0.0001941577043003715,
  "CaTD50": 268.71888085586943,
  "CaTD80": 388.2479019142725,
  "CaTD90": 469.9497938229694,
  "ttp_Ta": 139.0,
  "rt50_Ta": 149.33484727777108,
  "rt95_Ta": 457.3920865808646,
  "maxlmbda": 1.0000000000000002,
  "minlmbda": 0.9026200778330545,
  "ttplmbda": 138.0,
  "lmbdaD50": 272.29877305280485,
  "lmbdaD80": 403.21871577148255,
  "lmbdaD90": 520.5748812157544,
  "rt50_lmbda": 193.10708889236508,
  "rt95_lmbda": -108.49539275650265,
  "max_displacement_norm": 0.16784510470578526,
  "rel_max_displacement_norm": 0.16784510470578526,
  "max_displacement_perc_norm": 0.8392255235289262,
  "rel_max_displacement_perc_norm": 0.8463281251681412,
  "time_to_max_displacement_norm": 0.05,
  "max_displacement_x": 0.09690541638404604,
  "rel_max_displacement_x": 0.09690541638404604,
  "max_displacement_perc_x": 0.4845270819202302,
  "rel_max_displacement_perc_x": 0.48688617730741074,
  "time_to_max_displacement_x": 0.05,
  "max_displacement_y": 0.09690541638404604,
  "rel_max_displacement_y": 0.09690541638404604,
  "max_displacement_perc_y": 0.4845270819202302,
  "rel_max_displacement_perc_y": 0.48688617730741074,
  "time_to_max_displacement_y": 0.05,
  "max_displacement_z": 0.09690541638404604,
  "rel_max_displacement_z": 0.09690541638404604,
  "max_displacement_perc_z": 0.4845270819202302,
  "rel_max_displacement_perc_z": 0.48688617730741074,
  "time_to_max_displacement_z": 0.05
}