{"scale_drug_kuw": 3.469555524323334, "scale_drug_kwu": 0.6537900886896717, "scale_drug_kws": 0.7304623620053443}
