{"scale_drug_kuw": 6.999309749749809, "scale_drug_kwu": 0.3922088221303537, "scale_drug_kws": 0.5026870922267004}
