{"scale_drug_kuw": 2.6465097661792636, "scale_drug_kwu": 0.7694839916285091, "scale_drug_kws": 0.8197525418911272}
