{"scale_drug_kuw": 6.643997266654334, "scale_drug_kwu": 0.40238549865921347, "scale_drug_kws": 0.5136732885993582}
