{"scale_drug_kuw": 1.4767525048773726, "scale_drug_kwu": 0.9474720847816791, "scale_drug_kws": 0.9560162970990137}
