{"scale_drug_kuw": 6.774221008260938, "scale_drug_kwu": 0.39816285965920994, "scale_drug_kws": 0.5092338211609909}
