{"scale_drug_kuw": 1.941480927420373, "scale_drug_kwu": 0.8785071795144263, "scale_drug_kws": 0.902608308710906}
