{"scale_drug_kuw": 1.7044452424646337, "scale_drug_kwu": 0.9146133496969047, "scale_drug_kws": 0.930335941671022}
