{"scale_drug_kuw": 2.180577509560597, "scale_drug_kwu": 0.8412966373970264, "scale_drug_kws": 0.8742891733263732}
