{"scale_drug_kuw": 1.269045922497537, "scale_drug_kwu": 0.9745091137929672, "scale_drug_kws": 0.9777882574597025}
