{"scale_drug_kuw": 5.929416378690433, "scale_drug_kwu": 0.43379486246612387, "scale_drug_kws": 0.5445866278613021}
