{"scale_drug_kuw": 1.0978997656020737, "scale_drug_kwu": 0.9929543496360429, "scale_drug_kws": 0.9934127591569167}
