{"scale_drug_kuw": 6.412447446238673, "scale_drug_kwu": 0.41108288992071473, "scale_drug_kws": 0.5225309650727457}
