{"scale_drug_kuw": 4.629630066864853, "scale_drug_kwu": 0.5266448966768194, "scale_drug_kws": 0.6271217565262506}
