{"scale_drug_kuw": 1.0088856374565136, "scale_drug_kwu": 0.9996652773446093, "scale_drug_kws": 0.9996318733194867}
