{"scale_drug_kuw": 4.123192317376672, "scale_drug_kwu": 0.5767117324724851, "scale_drug_kws": 0.6687507645297328}
