{"scale_drug_kuw": 7.826325860076493, "scale_drug_kwu": 0.5499969248258909, "scale_drug_kws": 0.5876053136816772}
