{"scale_drug_kuw": 1.0036066332738462, "scale_drug_kwu": 0.9988983548993555, "scale_drug_kws": 0.9916975158949597}
