{"scale_drug_kuw": 1.2784075771383034, "scale_drug_kwu": 0.966643572414661, "scale_drug_kws": 0.875893839056697}
