{"scale_drug_kuw": 10.557668288612081, "scale_drug_kwu": 0.28410963029717573, "scale_drug_kws": 0.5379645956980111}
