{"scale_drug_kuw": 10.258254191231888, "scale_drug_kwu": 0.3289624699606213, "scale_drug_kws": 0.5452294488953127}
