{"scale_drug_kuw": 5.576479937026704, "scale_drug_kwu": 0.6938234586483305, "scale_drug_kws": 0.6303184177777927}
