{"scale_drug_kuw": 2.3997308651089764, "scale_drug_kwu": 0.8832747952953535, "scale_drug_kws": 0.7455182673276282}
