{"scale_drug_kuw": 3.832274572267599, "scale_drug_kwu": 0.7958650208325873, "scale_drug_kws": 0.6780153285045393}
