{"scale_drug_kuw": 1.9638584056192134, "scale_drug_kwu": 0.9126625800533243, "scale_drug_kws": 0.7795400331600741}
