{"scale_drug_kuw": 1.0761901109483183, "scale_drug_kwu": 0.9878623455371002, "scale_drug_kws": 0.9402233109846877}
