{"scale_drug_kuw": 6.89322663999222, "scale_drug_kwu": 0.6127852918097438, "scale_drug_kws": 0.6039420141669012}
