{"scale_drug_kuw": 2.8681668815513666, "scale_drug_kwu": 0.8536314996303338, "scale_drug_kws": 0.7182554032147207}
