{"scale_drug_kuw": 9.746288795760044, "scale_drug_kwu": 0.3888488665897669, "scale_drug_kws": 0.555231579295989}
