{"scale_drug_kuw": 10.45914284553491, "scale_drug_kwu": 0.30025482501512335, "scale_drug_kws": 0.540584661821546}
