{"scale_drug_kuw": 1.5822307206911217, "scale_drug_kwu": 0.9408920222338004, "scale_drug_kws": 0.8223227643719653}
