{"scale_drug_kuw": 10.697710897975815, "scale_drug_kwu": 0.25620303265744615, "scale_drug_kws": 0.5332675144347352}
