{
  "import_time": 1.1000000057492798e-06,
  "timestamp": "2022-11-17T11:00:23.071190",
  "simcardems_version": "2022.4.2",
  "create_runner_time": 277.462199683,
  "solve_time": 1966.4073370969998,
  "maxTa": 1.1789599187689637,
  "ampTa": 1.1789599187689637,
  "APD40": 238.88100024177973,
  "APD50": 265.4059918134585,
  "APD90": 332.35158865663294,
  "triangulation": 93.47058841485321,
  "Vpeak": 51.119345078940135,
  "Vmin": -88.02163427963374,
  "dvdt": 18.018986176295684,
  "maxCa": 0.00026148954203946513,
  "ampCa": 0.00019415102281545766,
  "CaTD50": 268.72393816600817,
  "CaTD80": 388.2526309407861,
  "CaTD90": 469.9800883076736,
  "ttp_Ta": 139.0,
  "rt50_Ta": 149.34911583391005,
  "rt95_Ta": 457.3896570061765,
  "maxlmbda": 1.0000000000000002,
  "minlmbda": 0.9026171787013246,
  "ttplmbda": 138.0,
  "lmbdaD50": 272.2900027572798,
  "lmbdaD80": 403.2076164699091,
  "lmbdaD90": 520.9144849115356,
  "rt50_lmbda": 193.12424928257667,
  "rt95_lmbda": -108.46331793542016,
  "max_displacement_norm": 0.16785281148334236,
  "rel_max_displacement_norm": 0.16785281148334236,
  "max_displacement_perc_norm": 0.8392640574167117,
  "rel_max_displacement_perc_norm": 0.8463673140774873,
  "time_to_max_displacement_norm": 0.05,
  "max_displacement_x": 0.09690986589414322,
  "rel_max_displacement_x": 0.09690986589414322,
  "max_displacement_perc_x": 0.4845493294707161,
  "rel_max_displacement_perc_x": 0.4869086420308114,
  "time_to_max_displacement_x": 0.05,
  "max_displacement_y": 0.09690986589414322,
  "rel_max_displacement_y": 0.09690986589414322,
  "max_displacement_perc_y": 0.4845493294707161,
  "rel_max_displacement_perc_y": 0.4869086420308114,
  "time_to_max_displacement_y": 0.05,
  "max_displacement_z": 0.09690986589414322,
  "rel_max_displacement_z": 0.09690986589414322,
  "max_displacement_perc_z": 0.4845493294707161,
  "rel_max_displacement_perc_z": 0.4869086420308114,
  "time_to_max_displacement_z": 0.05
}